name	pool	seq	size	%gc	tm (use 65)
MylCoV_1_LEFT	1	GGATCCCTCACTAGTTCCGTCT	22	54.55	60.87
MylCoV_1_RIGHT	1	ACCCCGGCGACCAAAAATAAG	21	52.38	61.33
MylCoV_2_LEFT	2	TAATTTACGCGGCTGGTTGCT	21	47.62	61.05
MylCoV_2_RIGHT	2	GCCCTCTAACAAAAGCTTGTAAACA	25	40.00	60.60
MylCoV_3_LEFT	1	TTTGCCTGATGGGAGTGTTGTC	22	50.00	61.26
MylCoV_3_RIGHT	1	AATCTGATCACACGCCACACAG	22	50.00	61.37
MylCoV_4_LEFT	2	GTTCTGGTATTAAGTACTACTGTGGCA	27	40.74	61.07
MylCoV_4_RIGHT	2	CCACAAGCTGCGAACTCATAAC	22	50.00	60.34
MylCoV_5_LEFT	1	GAAACTTGGTGTTCTAGCAGATGC	24	45.83	60.69
MylCoV_5_RIGHT	1	TCAGTACGGTCTGACGTCACAT	22	50.00	61.31
MylCoV_6_LEFT	2	CGCATTACTGGTAAAAAGCAGGC	23	47.83	61.22
MylCoV_6_RIGHT	2	GCACTGCTCACCACGTATAACA	22	50.00	61.11
MylCoV_7_LEFT	1	CGATGTGGCTGAACTCTGTGTT	22	50.00	61.30
MylCoV_7_RIGHT	1	TCTGACAAAATCTGCTACGGCG	22	50.00	61.42
MylCoV_8_LEFT	2	TGTACCCAAGCCACATCCTTTG	22	50.00	61.00
MylCoV_8_RIGHT	2	TCTTCAACCTGCAGCAACCTAG	22	50.00	60.73
MylCoV_9_LEFT	1	GCAACTGTAGGACTTCAAACCGA	23	47.83	61.30
MylCoV_9_RIGHT	1	TGTCCCATTCTGTACCATTAAACTTAATG	29	34.48	60.72
MylCoV_10_LEFT	2	AAGGTTCGACTCGATTTTGAATTCG	25	40.00	60.76
MylCoV_10_RIGHT	2	AGGTTCGGTCTCATGACTTTCATC	24	45.83	60.94
MylCoV_11_LEFT	1	CCCGAAAGTGCATCAACAGATG	22	50.00	60.34
MylCoV_11_RIGHT	1	ACAATGCCATTGCGGAGTCAT	21	47.62	61.06
MylCoV_12_LEFT	2	CCAACAGAGTAACAATTGCTGGG	23	47.83	60.31
MylCoV_12_RIGHT	2	TGTCAAAAGGAGTAGGTTCACGAC	24	45.83	61.06
MylCoV_13_LEFT	1	TGTCAGAATTGCAAACAGGTTTTATTG	27	33.33	60.26
MylCoV_13_RIGHT	1	AGCACCCTGATAGAATTCAACACC	24	45.83	61.19
MylCoV_14_LEFT	2	ACCACCAGTTAAACCTTTGAATGC	24	41.67	60.52
MylCoV_14_RIGHT	2	CCAATGCTCAATAATGGCATAAGTGG	26	42.31	61.45
MylCoV_15_LEFT	1	CCACGCAAGGGTAAACATGCTA	22	50.00	61.38
MylCoV_15_RIGHT	1	ACTTTTAAAGTAGGTGTCTAGCACTTTG	28	35.71	60.55
MylCoV_16_LEFT	2	GGTTGACAATGGTGTGACAAGG	22	50.00	60.14
MylCoV_16_RIGHT	2	GACCATCCGTGAAAACTGCACT	22	50.00	61.57
MylCoV_17_LEFT	1	ACCACTGATGCCGATGTTTTGA	22	45.45	61.00
MylCoV_17_RIGHT	1	TTGTAAACATACAGCATTAACCCAACAA	28	32.14	60.97
MylCoV_18_LEFT	2	CATTCGAATATCCTAGCATCGTGC	24	45.83	60.28
MylCoV_18_RIGHT	2	GTTTACACGCACCATCGTCAAC	22	50.00	60.84
MylCoV_19_LEFT	1	TGATTCCTGCTGTAGCTCCCA	21	52.38	61.01
MylCoV_19_RIGHT	1	GACTGTCAACAACTGCAGAAGC	22	50.00	60.46
MylCoV_20_LEFT	2	CGCATTTGTACGTGGTGAGTTG	22	50.00	60.84
MylCoV_20_RIGHT	2	CATGTATACAATATGAAACAGGCCTTCAA	29	34.48	61.02
MylCoV_21_LEFT	1	AGCGTTCTGGTGTTATAATTAGTCGT	26	38.46	61.06
MylCoV_21_RIGHT	1	CAAAACCATTATACGAGTAACAGTCCC	27	40.74	60.69
MylCoV_22_LEFT	2	TTTCCGCATACAACTGTTGTTTGG	24	41.67	61.05
MylCoV_22_RIGHT	2	GGATGTACCTCCATTAGCATTGACA	25	44.00	61.07
MylCoV_23_LEFT	1	TCTAAGAGTGCAAGGCTGAAGC	22	50.00	60.79
MylCoV_23_RIGHT	1	ACTTGCGCCATATTAGAGCCTG	22	50.00	60.99
MylCoV_24_LEFT	2	GTCGTTATAGTTGTAAAGAAGCCCTG	26	42.31	60.40
MylCoV_24_RIGHT	2	TCTCCTCTGGCTTAGCATAGGAG	23	52.17	61.01
MylCoV_25_LEFT	1	GACTTTACAGGTGCCGTTGCTA	22	50.00	61.05
MylCoV_25_RIGHT	1	CATGAACACCACAATATCTTACGCAA	26	38.46	60.84
MylCoV_26_LEFT	2	ACCATCTGTTGCCATTTCAGGT	22	45.45	60.68
MylCoV_26_RIGHT	2	CACAGACTTGACAGCAAAAACCAA	24	41.67	60.93
MylCoV_27_LEFT	1	TGAAAACGTCCGCACAATACCT	22	45.45	60.99
MylCoV_27_RIGHT	1	GTCCAAAACATACACCTTGTTTAGAGTC	28	39.29	61.27
MylCoV_28_LEFT	2	GTCATTACTTTTTGCCTGATGGTAACT	27	37.04	60.80
MylCoV_28_RIGHT	2	GGAAAGATTATTTACCAAGACACAGCA	27	37.04	60.59
MylCoV_29_LEFT	1	GTCTCTTGCTGCTTTTTGTTTACTAAGT	28	35.71	61.42
MylCoV_29_RIGHT	1	CACCAGGAGTTGAATTAACAAGTTTTTC	28	35.71	60.55
MylCoV_30_LEFT	2	TTCGTTGGTAGTTTTGAGACAGCT	24	41.67	61.00
MylCoV_30_RIGHT	2	CTTGGGCAATAAACTGTGTCACC	23	47.83	60.56
MylCoV_31_LEFT	1	GTGTTGTTGAGCGCTGTATTGTC	23	47.83	61.15
MylCoV_31_RIGHT	1	AGCCCCATTAATAAAAGAGCCCC	23	47.83	60.95
MylCoV_32_LEFT	2	ACACTTAAGCCTGGCGATTCAT	22	45.45	60.54
MylCoV_32_RIGHT	2	ACAGCCATTACTATGAGCCCAATC	24	45.83	61.07
MylCoV_33_LEFT	1	GGTGCATTGCTTAATGGATGCA	22	45.45	60.34
MylCoV_33_RIGHT	1	TGGTGTAATATAAGCTGGAGAAACCC	26	42.31	61.08
MylCoV_34_LEFT	2	GCGTAATGTGCTTTTAGTCGGC	22	50.00	60.96
MylCoV_34_RIGHT	2	AGCACGACGTTATACATGCCAC	22	50.00	61.48
MylCoV_35_LEFT	1	GGTGTGTTGTGTTGTTGTTTGTCT	24	41.67	61.11
MylCoV_35_RIGHT	1	AGCAACCATGTACTTAAATTCAGCTG	26	38.46	60.79
MylCoV_36_LEFT	2	TGGTATTTTGTACTGGGTTAACAGGT	26	38.46	60.86
MylCoV_36_RIGHT	2	CCAAAAGGTCATCTAAGCCAAAGG	24	45.83	60.40
MylCoV_37_LEFT	1	GCAATGATTTAGAACGTGCACAAGA	25	40.00	61.22
MylCoV_37_RIGHT	1	TGAATAACATGGCATGCATAGCAC	24	41.67	60.58
MylCoV_38_LEFT	2	GCAACTCAGCGTAAGATTGATCG	23	47.83	60.55
MylCoV_38_RIGHT	2	ACGTTCTGCATTAATACACAATGGC	25	40.00	61.05
MylCoV_39_LEFT	1	GGTCTGTTGCTGATATTAAGAACAACG	27	40.74	61.36
MylCoV_39_RIGHT	1	GCACCACGTCGAAGTGTGTTA	21	52.38	61.23
MylCoV_40_LEFT	2	TTTTGGTAGACACACCCAACGG	22	50.00	61.19
MylCoV_40_RIGHT	2	CTTACAAAAGCCATCCATAGCTGG	24	45.83	60.28
MylCoV_41_LEFT	1	ACTAGTCAAGACTCATATGGTGGTG	25	44.00	60.26
MylCoV_41_RIGHT	1	GCGTCATGCATGTCAGTATTCTT	23	43.48	59.94
MylCoV_42_LEFT	2	GACATTTATAACAAGGATGTCGCATGT	27	37.04	60.95
MylCoV_42_RIGHT	2	TCCTCATTCTCAACAGGGTCGA	22	50.00	61.01
MylCoV_43_LEFT	1	GATGAGCGTAACTGTCAAACCCT	23	47.83	61.12
MylCoV_43_RIGHT	1	AGGATTTAAAATCCTCACCAAAGATATCAC	30	33.33	60.84
MylCoV_44_LEFT	2	GGGTATGGGTGTGCCATTATGT	22	50.00	60.61
MylCoV_44_RIGHT	2	GAGTGTGTGTTGAAATCTTTGTTCCA	26	38.46	61.06
MylCoV_45_LEFT	1	GAAAGTGTTGGATTGATGGTGTTCC	25	44.00	61.17
MylCoV_45_RIGHT	1	GACAAATGTCTAGCATGGTGGTCT	24	45.83	61.19
MylCoV_46_LEFT	2	GCATTTCTTCTTTGCTCAGAAAGGT	25	40.00	60.89
MylCoV_46_RIGHT	2	TCTGATGGAACTGCCTAGTGGT	22	50.00	61.01
MylCoV_47_LEFT	1	CCATCAGCGGTAAAGAAAGAGCA	23	47.83	61.43
MylCoV_47_RIGHT	1	GTTGTGCCACCAGGTTTGAGAT	22	50.00	61.52
MylCoV_48_LEFT	2	GCTAGTGATAGGTTTTTCAGATTGGC	26	42.31	60.89
MylCoV_48_RIGHT	2	GGCATTAAGATCTGCTACATAACCAAG	27	40.74	60.80
MylCoV_49_LEFT	1	GTGTTGTTATAGGTCTTCTACTGTAGATGA	30	36.67	61.03
MylCoV_49_RIGHT	1	TCTATAGCCAATGAAACATAACGCTCT	27	37.04	61.18
MylCoV_50_LEFT	2	TCTAGAATTTTGTCAGCAGGCGT	23	43.48	60.81
MylCoV_50_RIGHT	2	GTAGAAACCACATGATCATATGCACA	26	38.46	60.18
MylCoV_51_LEFT	1	GTTCGTCTCAAACTGTATTACGGTG	25	44.00	60.53
MylCoV_51_RIGHT	1	CGCTAGCTTTAATAGTTTCAGCTGC	25	44.00	61.15
MylCoV_52_LEFT	2	TTCTGACTGGACTGATGTTCGTG	23	47.83	60.80
MylCoV_52_RIGHT	2	CTGATTGGCAATAGTTGGGGCA	22	50.00	61.40
MylCoV_53_LEFT	1	CCACCACGGTTAAATTACAACCTG	24	45.83	60.64
MylCoV_53_RIGHT	1	AAACCCGAATAGCACTCCACAC	22	50.00	61.06
MylCoV_54_LEFT	2	GCAAGGCTGCTACTGCTTTTAG	22	50.00	60.34
MylCoV_54_RIGHT	2	TCAACAATCTCAGCAGGACAGC	22	50.00	61.05
MylCoV_55_LEFT	1	ATAATGTTGTCACCCAGCGCAT	22	45.45	61.13
MylCoV_55_RIGHT	1	TGCTGTGTCAGAAGTCTGGGTA	22	50.00	61.20
MylCoV_56_LEFT	2	TCGCTCCCTTGGTCTTCAGATA	22	50.00	60.81
MylCoV_56_RIGHT	2	AGCCCATGAATGAAACAACATGC	23	43.48	60.87
MylCoV_57_LEFT	1	GGCACTTTCTGACAATTTTAAGACAGA	27	37.04	60.96
MylCoV_57_RIGHT	1	ACGATGCGTTTCCTGACAACA	21	47.62	60.91
MylCoV_58_LEFT	2	GTTCCTGTTAAAGCTCGTGCAC	22	50.00	60.53
MylCoV_58_RIGHT	2	GCCACATGTTCGTTACGATGTAAA	24	41.67	60.46
MylCoV_59_LEFT	1	TCGACATACAGCAATGGGGTTAC	23	47.83	60.93
MylCoV_59_RIGHT	1	AGACACAAACCATCAAACTGACCA	24	41.67	61.19
MylCoV_60_LEFT	2	GCAGTTACTGATGTTAGCTGGTATTG	26	42.31	60.67
MylCoV_60_RIGHT	2	CTACACACAGCACCACCAACAT	22	50.00	61.25
MylCoV_61_LEFT	1	CTTCTGATTGTGATAAGTTGCATGATTCT	29	34.48	61.22
MylCoV_61_RIGHT	1	CAACCTTTCGCTTTGCATACAATTC	25	40.00	60.53
MylCoV_62_LEFT	2	TCGTGAGAACGATGTTGATAACCTC	25	44.00	61.28
MylCoV_62_RIGHT	2	ACCAAGTAAAAGGTTTCTTCTCATGC	26	38.46	60.68
MylCoV_63_LEFT	1	ACTGCTGTTAAAAAGTTGACACCC	24	41.67	60.46
MylCoV_63_RIGHT	1	GATTTCAATGTACTGTCACCAGCC	24	45.83	60.46
MylCoV_64_LEFT	2	TCTCCAAAACAACTCTTGGTGGTT	24	41.67	61.14
MylCoV_64_RIGHT	2	ACAAATTACAAGGTTCCAGACACATAC	27	37.04	60.53
MylCoV_65_LEFT	1	CCTCAGTTACAATCTGCTGAATGGA	25	44.00	61.24
MylCoV_65_RIGHT	1	CAGAGATGACCAAATCAAACTTGTCAG	27	40.74	61.27
MylCoV_66_LEFT	2	ACGTTAATGATTATGTCAGTGATGCTG	27	37.04	60.74
MylCoV_66_RIGHT	2	ACGCCAAAAGATATAGTTTGCATGC	25	40.00	61.34
MylCoV_67_LEFT	1	TAGGCGTACATTACCTCGGTGA	22	50.00	60.87
MylCoV_67_RIGHT	1	GGCGGTATGTGGAAGGTTGAAA	22	50.00	61.32
MylCoV_68_LEFT	2	TGAAATTACTAATTGTGCTGTTTCTCCT	28	32.14	60.35
MylCoV_68_RIGHT	2	CCTCTAGTATTATCATTCTCTGTACCACC	29	41.38	60.92
MylCoV_69_LEFT	1	CACAAGCCCACTAATGGTAGACC	23	52.17	61.19
MylCoV_69_RIGHT	1	CACCATCCTCAACAGCAAACAC	22	50.00	60.47
MylCoV_70_LEFT	2	ACTGCTGACGGACAGTTGTCT	21	52.38	61.74
MylCoV_70_RIGHT	2	GAGTCGTTAGCACAACGCAATG	22	50.00	60.90
MylCoV_71_LEFT	1	TGCCTTAGGTTCAACTTTTGCCA	23	43.48	61.45
MylCoV_71_RIGHT	1	TCGCTCAATGTTAGTACCATTAAGCT	26	38.46	61.07
MylCoV_72_LEFT	2	AGTTTCGATTTGAGACTGACCAAGT	25	40.00	61.07
MylCoV_72_RIGHT	2	TGGTGTCCAGTATTAGTTTTAACATTTCC	29	34.48	60.87
MylCoV_73_LEFT	1	TGCTGACTATAATGAGGATTTTGACCT	27	37.04	60.87
MylCoV_73_RIGHT	1	TGCTATAAGTGCAGCAAACATCAAG	25	40.00	60.77
MylCoV_74_LEFT	2	AGATGGTTATATCATTTCTGGTATGCCT	28	35.71	60.83
MylCoV_74_RIGHT	2	CTGTAAGTCAGCACGGGTTCAG	22	54.55	61.36
MylCoV_75_LEFT	1	AGTTTTGCTTATACTACTGTCACTGATC	28	35.71	60.03
MylCoV_75_RIGHT	1	TGAGACAGTAAGCAAGTTAGTCACC	25	44.00	60.89
MylCoV_76_LEFT	2	TGTCCCAATATTCTTCTGCTTGTCA	25	40.00	60.90
MylCoV_76_RIGHT	2	TTATACCTCCCAGGGCCATACC	22	54.55	60.95
MylCoV_77_LEFT	1	GCAGTACTACCAGGGCGTTATG	22	54.55	60.98
MylCoV_77_RIGHT	1	TCTGCAATAGAAGAACTAATTGCCTGA	27	37.04	61.29
MylCoV_78_LEFT	2	GGACGTTGTTAACACTCAGGGT	22	50.00	60.67
MylCoV_78_RIGHT	2	CAACGCAAATACCAGCAGCAG	21	52.38	60.83
MylCoV_79_LEFT	1	TGCGCCACAGGGTTTATTGTT	21	47.62	61.20
MylCoV_79_RIGHT	1	TCGAGGTCTGCAATTTCACTGG	22	50.00	61.05
MylCoV_80_LEFT	2	CACAGCTGCAAAATAATACTGGACC	25	44.00	61.05
MylCoV_80_RIGHT	2	CCAAGAAACATTACTGCACGTGG	23	47.83	60.86
MylCoV_81_LEFT	1	GTTGTGGCTGTTGTGCTTCTTG	22	50.00	61.23
MylCoV_81_RIGHT	1	GGCAAAGATGGTCAACAAAATAAATGAA	28	32.14	60.60
MylCoV_82_LEFT	2	GCACGCTTTATTGTAGTCGTGG	22	50.00	60.40
MylCoV_82_RIGHT	2	AGAATTTACAATACCGACAACCTGC	25	40.00	60.25
MylCoV_83_LEFT	1	GAGGAAGATGTCTATTTGTCTCGTAGT	27	40.74	60.69
MylCoV_83_RIGHT	1	AGATGCTGAATAATCTCCTCTTGGG	25	44.00	60.61
MylCoV_84_LEFT	2	GTCTTATATGCAAATAGAACCCCTTCC	27	40.74	60.32
MylCoV_84_RIGHT	2	TGTCAGTTTCAGGACTCCAAGC	22	50.00	60.67
MylCoV_85_LEFT	1	GGGTGTGCTGTGGGTAATGTAT	22	50.00	60.54
MylCoV_85_RIGHT	1	TGTAACACAACTTCACTATCTGGAACT	27	37.04	60.91
MylCoV_86_LEFT	2	CACAGGTTGGTCTTTTTACGTGAAG	25	44.00	61.10
MylCoV_86_RIGHT	2	CAACCCAGTAGACACCGTCAAT	22	50.00	60.47
MylCoV_87_LEFT	1	GACGTTGCATCTAAGTGGCACT	22	50.00	61.37
MylCoV_87_RIGHT	1	CCTTTACGGCGGCAACAATTG	21	52.38	61.09
MylCoV_88_LEFT	2	CAGTTCTAAGAACAGAGGTGGTGAC	25	48.00	61.40
MylCoV_88_RIGHT	2	TACCACCGAACAACAGTGCA	20	50.00	59.84
MylCoV_89_LEFT	1	AGTATGGTGTTGCTGCTAAGGG	22	50.00	60.54
MylCoV_89_RIGHT	1	GGTTACCATAAACCTCATTGACAATGTC	28	39.29	61.37
MylCoV_90_LEFT	2	ATGTGCAACCCCAGGGACAA	20	55.00	62.03
MylCoV_90_RIGHT	2	GCACGTAGTAATCAAAAGCATTTTCATG	28	35.71	61.20
MylCoV_91_LEFT	1	CACCTCTTATGAGTTCATATACCTATGCT	29	37.93	60.93
MylCoV_91_RIGHT	1	ATGTTCCAGTAGGCTCGTCGA	21	52.38	61.06
